{
  "action_manifest_version": 2,
  "controller_type": "knuckles",
  "description": "",
  "name": "Revive for Index",
  "bindings": {
    "/actions/remote": {
      "sources": []
    },
    "/actions/touch": {
      "poses": [
        {
          "path": "/user/hand/left/pose/handgrip",
          "output": "/actions/touch/in/pose"
        },
        {
          "path": "/user/hand/right/pose/handgrip",
          "output": "/actions/touch/in/pose"
        }
      ],
      "sources": [
        {
          "inputs": {
            "click": {
              "output": "/actions/touch/in/button_ax"
            },
            "touch": {
              "output": "/actions/touch/in/touch_ax"
            }
          },
          "mode": "button",
          "path": "/user/hand/left/input/a"
        },
        {
          "inputs": {
            "click": {
              "output": "/actions/touch/in/button_by"
            },
            "touch": {
              "output": "/actions/touch/in/touch_by"
            }
          },
          "mode": "button",
          "path": "/user/hand/left/input/b"
        },
        {
          "inputs": {
            "click": {
              "output": "/actions/touch/in/button_indextrigger"
            },
            "pull": {
              "output": "/actions/touch/in/indextrigger"
            },
            "touch": {
              "output": "/actions/touch/in/touch_indextrigger"
            }
          },
          "mode": "trigger",
          "path": "/user/hand/left/input/trigger"
        },
        {
          "inputs": {
            "click": {
              "output": "/actions/touch/in/button_indextrigger"
            },
            "pull": {
              "output": "/actions/touch/in/indextrigger"
            },
            "touch": {
              "output": "/actions/touch/in/touch_indextrigger"
            }
          },
          "mode": "trigger",
          "path": "/user/hand/right/input/trigger"
        },
        {
          "inputs": {
            "click": {
              "output": "/actions/touch/in/button_ax"
            },
            "touch": {
              "output": "/actions/touch/in/touch_ax"
            }
          },
          "mode": "button",
          "path": "/user/hand/right/input/a"
        },
        {
          "inputs": {
            "click": {
              "output": "/actions/touch/in/button_by"
            },
            "touch": {
              "output": "/actions/touch/in/touch_by"
            }
          },
          "mode": "button",
          "path": "/user/hand/right/input/b"
        },
        {
          "inputs": {
            "click": {
              "output": "/actions/touch/in/button_enter"
            },
            "touch": {
              "output": "/actions/touch/in/touch_thumbrest"
            }
          },
          "mode": "button",
          "path": "/user/hand/left/input/trackpad"
        },
        {
          "inputs": {
            "click": {
              "output": "/actions/touch/in/button_enter"
            },
            "touch": {
              "output": "/actions/touch/in/touch_thumbrest"
            }
          },
          "mode": "button",
          "path": "/user/hand/right/input/trackpad"
        },
        {
          "inputs": {
            "click": {
              "output": "/actions/touch/in/button_thumb"
            },
            "position": {
              "output": "/actions/touch/in/thumbstick"
            },
            "touch": {
              "output": "/actions/touch/in/touch_thumb"
            }
          },
          "mode": "joystick",
          "path": "/user/hand/left/input/thumbstick"
        },
        {
          "inputs": {
            "click": {
              "output": "/actions/touch/in/button_thumb"
            },
            "position": {
              "output": "/actions/touch/in/thumbstick"
            },
            "touch": {
              "output": "/actions/touch/in/touch_thumb"
            }
          },
          "mode": "joystick",
          "path": "/user/hand/right/input/thumbstick"
        },
        {
          "path": "/user/hand/left/input/grip",
          "mode": "trigger",
          "inputs": {
            "pull": {
              "output": "/actions/touch/in/handtrigger"
            }
          }
        },
        {
          "path": "/user/hand/right/input/grip",
          "mode": "trigger",
          "inputs": {
            "pull": {
              "output": "/actions/touch/in/handtrigger"
            }
          }
        }
      ]
    }
  }
}
