{
  "action_manifest_version": 2,
  "controller_type": "vive_controller",
  "description": "",
  "name": "Revive for Vive Controller",
  "bindings": {
    "/actions/remote": {
      "sources": [
        {
          "inputs": {
            "click": {
              "output": "/actions/remote/in/button_enter"
            }
          },
          "mode": "button",
          "path": "/user/hand/left/input/trigger"
        },
        {
          "inputs": {
            "click": {
              "output": "/actions/remote/in/button_enter"
            }
          },
          "mode": "button",
          "path": "/user/hand/right/input/trigger"
        },
        {
          "inputs": {
            "click": {
              "output": "/actions/remote/in/button_back"
            }
          },
          "mode": "button",
          "path": "/user/hand/left/input/grip"
        },
        {
          "inputs": {
            "click": {
              "output": "/actions/remote/in/button_back"
            }
          },
          "mode": "button",
          "path": "/user/hand/right/input/grip"
        },
        {
          "inputs": {
            "east": {
              "output": "/actions/remote/in/button_right"
            },
            "north": {
              "output": "/actions/remote/in/button_up"
            },
            "south": {
              "output": "/actions/remote/in/button_down"
            },
            "west": {
              "output": "/actions/remote/in/button_left"
            }
          },
          "mode": "dpad_click",
          "parameters": {
            "overlap_pct": "0"
          },
          "path": "/user/hand/left/input/trackpad"
        },
        {
          "inputs": {
            "east": {
              "output": "/actions/remote/in/button_right"
            },
            "north": {
              "output": "/actions/remote/in/button_up"
            },
            "south": {
              "output": "/actions/remote/in/button_down"
            },
            "west": {
              "output": "/actions/remote/in/button_left"
            }
          },
          "mode": "dpad_click",
          "parameters": {
            "overlap_pct": "0"
          },
          "path": "/user/hand/right/input/trackpad"
        },
        {
          "inputs": {
            "click": {
              "output": "/actions/remote/in/button_enter"
            }
          },
          "mode": "button",
          "path": "/user/hand/left/input/application_menu"
        },
        {
          "inputs": {
            "click": {
              "output": "/actions/remote/in/button_enter"
            }
          },
          "mode": "button",
          "path": "/user/hand/right/input/application_menu"
        }
      ]
    },
    "/actions/touch": {
      "chords": [
        {
          "inputs": [
            [ "/user/hand/left/input/trigger", "touch" ]
          ],
          "output": "/actions/touch/in/touch_indextrigger"
        },
        {
          "inputs": [
            [ "/user/hand/right/input/trigger", "touch" ]
          ],
          "output": "/actions/touch/in/touch_indextrigger"
        }
      ],
      "poses": [
        {
          "path": "/user/hand/left/pose/handgrip",
          "output": "/actions/touch/in/pose"
        },
        {
          "path": "/user/hand/right/pose/handgrip",
          "output": "/actions/touch/in/pose"
        }
      ],
      "sources": [
        {
          "inputs": {
            "pull": {
              "output": "/actions/touch/in/indextrigger"
            },
            "click": {
              "output": "/actions/touch/in/button_indextrigger"
            }
          },
          "mode": "trigger",
          "path": "/user/hand/left/input/trigger"
        },
        {
          "inputs": {
            "position": {
              "output": "/actions/touch/in/thumbstick"
            },
            "touch": {
              "output": "/actions/touch/in/recenter_thumb"
            }
          },
          "mode": "trackpad",
          "path": "/user/hand/left/input/trackpad"
        },
        {
          "inputs": {
            "east": {
              "output": "/actions/touch/in/button_by"
            },
            "north": {
              "output": "/actions/touch/in/button_thumb"
            },
            "south": {
              "output": "/actions/touch/in/button_ax"
            },
            "west": {
              "output": "/actions/touch/in/button_thumb"
            }
          },
          "mode": "dpad_click",
          "parameters": {
            "overlap_pct": "0"
          },
          "path": "/user/hand/left/input/trackpad"
        },
        {
          "inputs": {
            "click": {
              "output": "/actions/touch/in/button_handtrigger"
            }
          },
          "mode": "button",
          "path": "/user/hand/left/input/grip"
        },
        {
          "inputs": {
            "click": {
              "output": "/actions/touch/in/button_enter"
            }
          },
          "mode": "button",
          "path": "/user/hand/left/input/application_menu"
        },
        {
          "inputs": {
            "east": {
              "output": "/actions/touch/in/touch_by"
            },
            "north": {
              "output": "/actions/touch/in/touch_thumb"
            },
            "south": {
              "output": "/actions/touch/in/touch_ax"
            },
            "west": {
              "output": "/actions/touch/in/touch_thumb"
            }
          },
          "mode": "dpad_touch",
          "path": "/user/hand/left/input/trackpad"
        },
        {
          "inputs": {
            "pull": {
              "output": "/actions/touch/in/indextrigger"
            },
            "click": {
              "output": "/actions/touch/in/button_indextrigger"
            }
          },
          "mode": "trigger",
          "path": "/user/hand/right/input/trigger"
        },
        {
          "inputs": {
            "position": {
              "output": "/actions/touch/in/thumbstick"
            },
            "touch": {
              "output": "/actions/touch/in/recenter_thumb"
            }
          },
          "mode": "trackpad",
          "path": "/user/hand/right/input/trackpad"
        },
        {
          "inputs": {
            "east": {
              "output": "/actions/touch/in/button_thumb"
            },
            "north": {
              "output": "/actions/touch/in/button_thumb"
            },
            "south": {
              "output": "/actions/touch/in/button_ax"
            },
            "west": {
              "output": "/actions/touch/in/button_by"
            }
          },
          "mode": "dpad_click",
          "parameters": {
            "overlap_pct": "0"
          },
          "path": "/user/hand/right/input/trackpad"
        },
        {
          "inputs": {
            "east": {
              "output": "/actions/touch/in/touch_thumb"
            },
            "north": {
              "output": "/actions/touch/in/touch_thumb"
            },
            "south": {
              "output": "/actions/touch/in/touch_ax"
            },
            "west": {
              "output": "/actions/touch/in/touch_by"
            }
          },
          "mode": "dpad_touch",
          "path": "/user/hand/right/input/trackpad"
        },
        {
          "inputs": {
            "click": {
              "output": "/actions/touch/in/button_handtrigger"
            }
          },
          "mode": "button",
          "path": "/user/hand/right/input/grip"
        },
        {
          "inputs": {
            "click": {
              "output": "/actions/touch/in/button_enter"
            }
          },
          "mode": "button",
          "path": "/user/hand/right/input/application_menu"
        }
      ]
    }
  }
}
